id,school,mascot,abbreviation,alt_name1,alt_name2,alt_name3,conference,division,color,alt_color,logos[0],logos[1]
2005,Air Force,Falcons,AFA,,AFA,Air Force,Mountain West,Mountain,#004a7b,#ffffff,http://a.espncdn.com/i/teamlogos/ncaa/500/2005.png,http://a.espncdn.com/i/teamlogos/ncaa/500-dark/2005.png
2006,Akron,Zips,AKR,,AKR,Akron,Mid-American,East,#00285e,#84754e,http://a.espncdn.com/i/teamlogos/ncaa/500/2006.png,http://a.espncdn.com/i/teamlogos/ncaa/500-dark/2006.png
333,Alabama,Crimson Tide,ALA,,ALA,Alabama,SEC,West,#690014,#f1f2f3,http://a.espncdn.com/i/teamlogos/ncaa/500/333.png,http://a.espncdn.com/i/teamlogos/ncaa/500-dark/333.png
2026,Appalachian State,Mountaineers,APP,,APP,Appalachian St,Sun Belt,,#000000,#ffcd00,http://a.espncdn.com/i/teamlogos/ncaa/500/2026.png,http://a.espncdn.com/i/teamlogos/ncaa/500-dark/2026.png
12,Arizona,Wildcats,ARIZ,,ARIZ,Arizona,Pac-12,South,#002449,#00205b,http://a.espncdn.com/i/teamlogos/ncaa/500/12.png,http://a.espncdn.com/i/teamlogos/ncaa/500-dark/12.png
9,Arizona State,Sun Devils,ASU,,ASU,Arizona State,Pac-12,South,#942139,#f1f2f3,http://a.espncdn.com/i/teamlogos/ncaa/500/9.png,http://a.espncdn.com/i/teamlogos/ncaa/500-dark/9.png
8,Arkansas,Razorbacks,ARK,,ARK,Arkansas,SEC,West,#9c1831,#000000,http://a.espncdn.com/i/teamlogos/ncaa/500/8.png,http://a.espncdn.com/i/teamlogos/ncaa/500-dark/8.png
2032,Arkansas State,Red Wolves,ARST,,ARST,Arkansas State,Sun Belt,,#e81018,#000000,http://a.espncdn.com/i/teamlogos/ncaa/500/2032.png,http://a.espncdn.com/i/teamlogos/ncaa/500-dark/2032.png
349,Army,Black Knights,ARMY,,ARMY,Army,FBS Independents,,#ce9c00,#231f20,http://a.espncdn.com/i/teamlogos/ncaa/500/349.png,http://a.espncdn.com/i/teamlogos/ncaa/500-dark/349.png
2,Auburn,Tigers,AUB,,AUB,Auburn,SEC,West,#03244d,#f1f2f3,http://a.espncdn.com/i/teamlogos/ncaa/500/2.png,http://a.espncdn.com/i/teamlogos/ncaa/500-dark/2.png
2050,Ball State,Cardinals,BALL,,BALL,Ball State,Mid-American,West,#DA0000,#ffffff,http://a.espncdn.com/i/teamlogos/ncaa/500/2050.png,http://a.espncdn.com/i/teamlogos/ncaa/500-dark/2050.png
239,Baylor,Bears,BAY,,BAY,Baylor,Big 12,,#004834,#ffb81c,http://a.espncdn.com/i/teamlogos/ncaa/500/239.png,http://a.espncdn.com/i/teamlogos/ncaa/500-dark/239.png
68,Boise State,Broncos,BSU,,BSU,Boise State,Mountain West,Mountain,#09347A,#d8d9da,http://a.espncdn.com/i/teamlogos/ncaa/500/68.png,http://a.espncdn.com/i/teamlogos/ncaa/500-dark/68.png
103,Boston College,Eagles,BC,,BC,Boston College,ACC,Atlantic,#88001a,#a39161,http://a.espncdn.com/i/teamlogos/ncaa/500/103.png,http://a.espncdn.com/i/teamlogos/ncaa/500-dark/103.png
189,Bowling Green,Falcons,BGSU,Bowling Green State,BGSU,Bowling Green,Mid-American,East,#2b1000,#492000,http://a.espncdn.com/i/teamlogos/ncaa/500/189.png,http://a.espncdn.com/i/teamlogos/ncaa/500-dark/189.png
2084,Buffalo,Bulls,BUFF,,BUFF,Buffalo,Mid-American,East,#041A9B,#ebebeb,http://a.espncdn.com/i/teamlogos/ncaa/500/2084.png,http://a.espncdn.com/i/teamlogos/ncaa/500-dark/2084.png
252,BYU,Cougars,BYU,Brigham Young,BYU,BYU,FBS Independents,,#001E4C,#ffffff,http://a.espncdn.com/i/teamlogos/ncaa/500/252.png,http://a.espncdn.com/i/teamlogos/ncaa/500-dark/252.png
25,California,Golden Bears,CAL,,CAL,Cal,Pac-12,North,#031522,#ffc423,http://a.espncdn.com/i/teamlogos/ncaa/500/25.png,http://a.espncdn.com/i/teamlogos/ncaa/500-dark/25.png
2117,Central Michigan,Chippewas,CMU,,CMU,Cent Michigan,Mid-American,West,#6a0032,#ffffff,http://a.espncdn.com/i/teamlogos/ncaa/500/2117.png,http://a.espncdn.com/i/teamlogos/ncaa/500-dark/2117.png
2429,Charlotte,49ers,CHAR,,CHAR,Charlotte,Conference USA,East,#0C562D,#cfab7a,http://a.espncdn.com/i/teamlogos/ncaa/500/2429.png,http://a.espncdn.com/i/teamlogos/ncaa/500-dark/2429.png
2132,Cincinnati,Bearcats,CIN,,CIN,Cincinnati,American Athletic,East,#000000,#717073,http://a.espncdn.com/i/teamlogos/ncaa/500/2132.png,http://a.espncdn.com/i/teamlogos/ncaa/500-dark/2132.png
228,Clemson,Tigers,CLEM,,CLEM,Clemson,ACC,Atlantic,#F66733,#522d80,http://a.espncdn.com/i/teamlogos/ncaa/500/228.png,http://a.espncdn.com/i/teamlogos/ncaa/500-dark/228.png
324,Coastal Carolina,Chanticleers,CCU,,CCU,C. Carolina,Sun Belt,,#007073,#876447,http://a.espncdn.com/i/teamlogos/ncaa/500/324.png,http://a.espncdn.com/i/teamlogos/ncaa/500-dark/324.png
38,Colorado,Buffaloes,COLO,,COLO,Colorado,Pac-12,South,#d1c57e,#ffd200,http://a.espncdn.com/i/teamlogos/ncaa/500/38.png,http://a.espncdn.com/i/teamlogos/ncaa/500-dark/38.png
36,Colorado State,Rams,CSU,,CSU,Colorado State,Mountain West,Mountain,#004537,#ffc425,http://a.espncdn.com/i/teamlogos/ncaa/500/36.png,http://a.espncdn.com/i/teamlogos/ncaa/500-dark/36.png
41,Connecticut,Huskies,CONN,,CONN,UConn,American Athletic,East,#001d40,#f1f2f3,http://a.espncdn.com/i/teamlogos/ncaa/500/41.png,http://a.espncdn.com/i/teamlogos/ncaa/500-dark/41.png
150,Duke,Blue Devils,DUKE,,DUKE,Duke,ACC,Coastal,#001A57,#f1f2f3,http://a.espncdn.com/i/teamlogos/ncaa/500/150.png,http://a.espncdn.com/i/teamlogos/ncaa/500-dark/150.png
151,East Carolina,Pirates,ECU,,ECU,ECU,American Athletic,East,#4b1869,#f0907b,http://a.espncdn.com/i/teamlogos/ncaa/500/151.png,http://a.espncdn.com/i/teamlogos/ncaa/500-dark/151.png
2199,Eastern Michigan,Eagles,EMU,,EMU,E Michigan,Mid-American,West,#00331b,#f0f0f0,http://a.espncdn.com/i/teamlogos/ncaa/500/2199.png,http://a.espncdn.com/i/teamlogos/ncaa/500-dark/2199.png
57,Florida,Gators,FLA,,FLA,Florida,SEC,East,#0021A5,#0021a5,http://a.espncdn.com/i/teamlogos/ncaa/500/57.png,http://a.espncdn.com/i/teamlogos/ncaa/500-dark/57.png
2226,Florida Atlantic,Owls,FAU,,FAU,FAU,Conference USA,East,#004B85,#bb2f4c,http://a.espncdn.com/i/teamlogos/ncaa/500/2226.png,http://a.espncdn.com/i/teamlogos/ncaa/500-dark/2226.png
2229,Florida International,Golden Panthers,FIU,,FIU,FIU,Conference USA,East,#001538,#c5960c,http://a.espncdn.com/i/teamlogos/ncaa/500/2229.png,http://a.espncdn.com/i/teamlogos/ncaa/500-dark/2229.png
52,Florida State,Seminoles,FSU,,FSU,FSU,ACC,Atlantic,#782F40,#ceb888,http://a.espncdn.com/i/teamlogos/ncaa/500/52.png,http://a.espncdn.com/i/teamlogos/ncaa/500-dark/52.png
278,Fresno State,Bulldogs,FRES,,FRES,Fresno State,Mountain West,West,#c41230,#231f20,http://a.espncdn.com/i/teamlogos/ncaa/500/278.png,http://a.espncdn.com/i/teamlogos/ncaa/500-dark/278.png
61,Georgia,Bulldogs,UGA,,UGA,Georgia,SEC,East,#CC0000,#000000,http://a.espncdn.com/i/teamlogos/ncaa/500/61.png,http://a.espncdn.com/i/teamlogos/ncaa/500-dark/61.png
290,Georgia Southern,Eagles,GASO,,GASO,Ga Southern,Sun Belt,,#003775,#f0f0f0,http://a.espncdn.com/i/teamlogos/ncaa/500/290.png,http://a.espncdn.com/i/teamlogos/ncaa/500-dark/290.png
2247,Georgia State,Panthers,GAST,,GAST,Georgia State,Sun Belt,,#1e539a,#ebebeb,http://a.espncdn.com/i/teamlogos/ncaa/500/2247.png,http://a.espncdn.com/i/teamlogos/ncaa/500-dark/2247.png
59,Georgia Tech,Yellow Jackets,GT,,GT,Georgia Tech,ACC,Coastal,#00223e,#002c56,http://a.espncdn.com/i/teamlogos/ncaa/500/59.png,http://a.espncdn.com/i/teamlogos/ncaa/500-dark/59.png
62,Hawai'i,Rainbow Warriors,HAW,,HAW,Hawai'i,Mountain West,West,#003420,#ffffff,http://a.espncdn.com/i/teamlogos/ncaa/500/62.png,http://a.espncdn.com/i/teamlogos/ncaa/500-dark/62.png
248,Houston,Cougars,HOU,,HOU,Houston,American Athletic,West,#C90822,#231f20,http://a.espncdn.com/i/teamlogos/ncaa/500/248.png,http://a.espncdn.com/i/teamlogos/ncaa/500-dark/248.png
356,Illinois,Fighting Illini,ILL,,ILL,Illinois,Big Ten,West,#f77329,#fa6300,http://a.espncdn.com/i/teamlogos/ncaa/500/356.png,http://a.espncdn.com/i/teamlogos/ncaa/500-dark/356.png
84,Indiana,Hoosiers,IND,,IND,Indiana,Big Ten,East,#7D110C,#eeedeb,http://a.espncdn.com/i/teamlogos/ncaa/500/84.png,http://a.espncdn.com/i/teamlogos/ncaa/500-dark/84.png
2294,Iowa,Hawkeyes,IOWA,,IOWA,Iowa,Big Ten,West,#000000,#ffe100,http://a.espncdn.com/i/teamlogos/ncaa/500/2294.png,http://a.espncdn.com/i/teamlogos/ncaa/500-dark/2294.png
66,Iowa State,Cyclones,ISU,,ISU,Iowa State,Big 12,,#660015,#830b2c,http://a.espncdn.com/i/teamlogos/ncaa/500/66.png,http://a.espncdn.com/i/teamlogos/ncaa/500-dark/66.png
2305,Kansas,Jayhawks,KU,,KU,Kansas,Big 12,,#0022B4,#e8000d,http://a.espncdn.com/i/teamlogos/ncaa/500/2305.png,http://a.espncdn.com/i/teamlogos/ncaa/500-dark/2305.png
2306,Kansas State,Wildcats,KSU,,KSU,Kansas State,Big 12,,#633194,#e7d2ad,http://a.espncdn.com/i/teamlogos/ncaa/500/2306.png,http://a.espncdn.com/i/teamlogos/ncaa/500-dark/2306.png
2309,Kent State,Golden Flashes,KENT,,KENT,Kent State,Mid-American,East,#002445,#f0b510,http://a.espncdn.com/i/teamlogos/ncaa/500/2309.png,http://a.espncdn.com/i/teamlogos/ncaa/500-dark/2309.png
96,Kentucky,Wildcats,UK,,UK,Kentucky,SEC,East,#005DAA,#ffffff,http://a.espncdn.com/i/teamlogos/ncaa/500/96.png,http://a.espncdn.com/i/teamlogos/ncaa/500-dark/96.png
2335,Liberty,Flames,LIB,,LIB,Liberty,FBS Independents,,#071740,#a61f21,http://a.espncdn.com/i/teamlogos/ncaa/500/2335.png,http://a.espncdn.com/i/teamlogos/ncaa/500-dark/2335.png
309,Louisiana,Ragin' Cajuns,ULL,UL Lafayette,ULL,Louisiana,Sun Belt,,#ce2842,,http://a.espncdn.com/i/teamlogos/ncaa/500/309.png,http://a.espncdn.com/i/teamlogos/ncaa/500-dark/309.png
2433,Louisiana Monroe,Warhawks,ULM,La.-Monroe,ULM,UL Monroe,Sun Belt,,#231F20,#b18445,http://a.espncdn.com/i/teamlogos/ncaa/500/2433.png,http://a.espncdn.com/i/teamlogos/ncaa/500-dark/2433.png
2348,Louisiana Tech,Bulldogs,LT,,LT,LA Tech,Conference USA,West,#002d65,#d3313a,http://a.espncdn.com/i/teamlogos/ncaa/500/2348.png,http://a.espncdn.com/i/teamlogos/ncaa/500-dark/2348.png
97,Louisville,Cardinals,LOU,,LOU,Louisville,ACC,Atlantic,#ad000a,#cccccc,http://a.espncdn.com/i/teamlogos/ncaa/500/97.png,http://a.espncdn.com/i/teamlogos/ncaa/500-dark/97.png
99,LSU,Tigers,LSU,Louisiana State,LSU,LSU,SEC,West,#22005c,#fdd023,http://a.espncdn.com/i/teamlogos/ncaa/500/99.png,http://a.espncdn.com/i/teamlogos/ncaa/500-dark/99.png
276,Marshall,Thundering Herd,MRSH,,MRSH,Marshall,Conference USA,East,#186329,#be854c,http://a.espncdn.com/i/teamlogos/ncaa/500/276.png,http://a.espncdn.com/i/teamlogos/ncaa/500-dark/276.png
120,Maryland,Terrapins,MD,,MD,Maryland,Big Ten,East,#D5002B,#ffcd00,http://a.espncdn.com/i/teamlogos/ncaa/500/120.png,http://a.espncdn.com/i/teamlogos/ncaa/500-dark/120.png
235,Memphis,Tigers,MEM,,MEM,Memphis,American Athletic,West,#002447,#231f20,http://a.espncdn.com/i/teamlogos/ncaa/500/235.png,http://a.espncdn.com/i/teamlogos/ncaa/500-dark/235.png
2390,Miami,Hurricanes,MIAMI,Miami (FL),MIAMI,Miami,ACC,Coastal,#004325,#f0f0f0,http://a.espncdn.com/i/teamlogos/ncaa/500/2390.png,http://a.espncdn.com/i/teamlogos/ncaa/500-dark/2390.png
193,Miami (OH),RedHawks,M-OH,,M-OH,Miami (OH),Mid-American,East,#a4000c,#f0f0f0,http://a.espncdn.com/i/teamlogos/ncaa/500/193.png,http://a.espncdn.com/i/teamlogos/ncaa/500-dark/193.png
130,Michigan,Wolverines,MICH,,MICH,Michigan,Big Ten,East,#00274c,#ffcb05,http://a.espncdn.com/i/teamlogos/ncaa/500/130.png,http://a.espncdn.com/i/teamlogos/ncaa/500-dark/130.png
127,Michigan State,Spartans,MSU,,MSU,Michigan State,Big Ten,East,#18453B,#ffffff,http://a.espncdn.com/i/teamlogos/ncaa/500/127.png,http://a.espncdn.com/i/teamlogos/ncaa/500-dark/127.png
2393,Middle Tennessee,Blue Raiders,MTSU,Middle Tennessee State,MTSU,Mid Tennessee,Conference USA,East,#0079C2,#c3c5c8,http://a.espncdn.com/i/teamlogos/ncaa/500/2393.png,http://a.espncdn.com/i/teamlogos/ncaa/500-dark/2393.png
135,Minnesota,Golden Gophers,MINN,,MINN,Minnesota,Big Ten,West,#7F011B,#7a0019,http://a.espncdn.com/i/teamlogos/ncaa/500/135.png,http://a.espncdn.com/i/teamlogos/ncaa/500-dark/135.png
344,Mississippi State,Bulldogs,MSST,,MSST,Miss St,SEC,West,#762123,#c8c8c8,http://a.espncdn.com/i/teamlogos/ncaa/500/344.png,http://a.espncdn.com/i/teamlogos/ncaa/500-dark/344.png
142,Missouri,Tigers,MIZ,,MIZ,Missouri,SEC,East,#000000,#000000,http://a.espncdn.com/i/teamlogos/ncaa/500/142.png,http://a.espncdn.com/i/teamlogos/ncaa/500-dark/142.png
2426,Navy,Midshipmen,NAVY,,NAVY,Navy,American Athletic,West,#131630,#b6a77c,http://a.espncdn.com/i/teamlogos/ncaa/500/2426.png,http://a.espncdn.com/i/teamlogos/ncaa/500-dark/2426.png
152,NC State,Wolfpack,NCST,North Carolina St.,NCST,NC State,ACC,Atlantic,#EF1216,#231f20,http://a.espncdn.com/i/teamlogos/ncaa/500/152.png,http://a.espncdn.com/i/teamlogos/ncaa/500-dark/152.png
158,Nebraska,Cornhuskers,NEB,,NEB,Nebraska,Big Ten,West,#F20017,#f5f1e7,http://a.espncdn.com/i/teamlogos/ncaa/500/158.png,http://a.espncdn.com/i/teamlogos/ncaa/500-dark/158.png
2440,Nevada,Wolf Pack,NEV,,NEV,Nevada,Mountain West,West,#153E5F,#8e9295,http://a.espncdn.com/i/teamlogos/ncaa/500/2440.png,http://a.espncdn.com/i/teamlogos/ncaa/500-dark/2440.png
167,New Mexico,Lobos,UNM,,UNM,New Mexico,Mountain West,Mountain,#000000,#231f20,http://a.espncdn.com/i/teamlogos/ncaa/500/167.png,http://a.espncdn.com/i/teamlogos/ncaa/500-dark/167.png
166,New Mexico State,Aggies,NMSU,,NMSU,New Mexico St,FBS Independents,,#891216,#000000,http://a.espncdn.com/i/teamlogos/ncaa/500/166.png,http://a.espncdn.com/i/teamlogos/ncaa/500-dark/166.png
153,North Carolina,Tar Heels,UNC,,UNC,UNC,ACC,Coastal,#99bfe5,#13294b,http://a.espncdn.com/i/teamlogos/ncaa/500/153.png,http://a.espncdn.com/i/teamlogos/ncaa/500-dark/153.png
2459,Northern Illinois,Huskies,NIU,,NIU,N Illinois,Mid-American,West,#F1122C,#cc0000,http://a.espncdn.com/i/teamlogos/ncaa/500/2459.png,http://a.espncdn.com/i/teamlogos/ncaa/500-dark/2459.png
249,North Texas,Mean Green,UNT,,UNT,North Texas,Conference USA,West,#00853D,#000000,http://a.espncdn.com/i/teamlogos/ncaa/500/249.png,http://a.espncdn.com/i/teamlogos/ncaa/500-dark/249.png
77,Northwestern,Wildcats,NW,,NW,Northwestern,Big Ten,West,#372286,#d6cac1,http://a.espncdn.com/i/teamlogos/ncaa/500/77.png,http://a.espncdn.com/i/teamlogos/ncaa/500-dark/77.png
87,Notre Dame,Fighting Irish,ND,,ND,Notre Dame,FBS Independents,,#00122b,#ae9142,http://a.espncdn.com/i/teamlogos/ncaa/500/87.png,http://a.espncdn.com/i/teamlogos/ncaa/500-dark/87.png
195,Ohio,Bobcats,OHIO,,OHIO,Ohio,Mid-American,East,#295A29,#e4bb85,http://a.espncdn.com/i/teamlogos/ncaa/500/195.png,http://a.espncdn.com/i/teamlogos/ncaa/500-dark/195.png
194,Ohio State,Buckeyes,OSU,,OSU,OSU,Big Ten,East,#DE3121,#666666,http://a.espncdn.com/i/teamlogos/ncaa/500/194.png,http://a.espncdn.com/i/teamlogos/ncaa/500-dark/194.png
201,Oklahoma,Sooners,OKLA,,OKLA,Oklahoma,Big 12,,#7b0000,#cccccc,http://a.espncdn.com/i/teamlogos/ncaa/500/201.png,http://a.espncdn.com/i/teamlogos/ncaa/500-dark/201.png
197,Oklahoma State,Cowboys,OKST,,OKST,Oklahoma State,Big 12,,#FF6500,#ff9900,http://a.espncdn.com/i/teamlogos/ncaa/500/197.png,http://a.espncdn.com/i/teamlogos/ncaa/500-dark/197.png
295,Old Dominion,Monarchs,ODU,,ODU,Old Dominion,Conference USA,East,#00507d,#a1d2f1,http://a.espncdn.com/i/teamlogos/ncaa/500/295.png,http://a.espncdn.com/i/teamlogos/ncaa/500-dark/295.png
145,Ole Miss,Rebels,MISS,,MISS,Ole Miss,SEC,West,#001148,#00205b,http://a.espncdn.com/i/teamlogos/ncaa/500/145.png,http://a.espncdn.com/i/teamlogos/ncaa/500-dark/145.png
2483,Oregon,Ducks,ORE,,ORE,Oregon,Pac-12,North,#044520,#fee123,http://a.espncdn.com/i/teamlogos/ncaa/500/2483.png,http://a.espncdn.com/i/teamlogos/ncaa/500-dark/2483.png
204,Oregon State,Beavers,ORST,,ORST,Oregon State,Pac-12,North,#c34500,#dea076,http://a.espncdn.com/i/teamlogos/ncaa/500/204.png,http://a.espncdn.com/i/teamlogos/ncaa/500-dark/204.png
213,Penn State,Nittany Lions,PSU,,PSU,Penn State,Big Ten,East,#00265D,#002e5c,http://a.espncdn.com/i/teamlogos/ncaa/500/213.png,http://a.espncdn.com/i/teamlogos/ncaa/500-dark/213.png
221,Pittsburgh,Panthers,PITT,Pitt,PITT,Pitt,ACC,Coastal,#003263,#231f20,http://a.espncdn.com/i/teamlogos/ncaa/500/221.png,http://a.espncdn.com/i/teamlogos/ncaa/500-dark/221.png
2509,Purdue,Boilermakers,PUR,,PUR,Purdue,Big Ten,West,#B89D29,#a4a9ad,http://a.espncdn.com/i/teamlogos/ncaa/500/2509.png,http://a.espncdn.com/i/teamlogos/ncaa/500-dark/2509.png
242,Rice,Owls,RICE,,RICE,Rice,Conference USA,West,#003D7D,#d1d5d8,http://a.espncdn.com/i/teamlogos/ncaa/500/242.png,http://a.espncdn.com/i/teamlogos/ncaa/500-dark/242.png
164,Rutgers,Scarlet Knights,RUTG,,RUTG,Rutgers,Big Ten,East,#d21034,#ffffff,http://a.espncdn.com/i/teamlogos/ncaa/500/164.png,http://a.espncdn.com/i/teamlogos/ncaa/500-dark/164.png
21,San Diego State,Aztecs,SDSU,,SDSU,San Diego State,Mountain West,West,#BF2C37,#a8996e,http://a.espncdn.com/i/teamlogos/ncaa/500/21.png,http://a.espncdn.com/i/teamlogos/ncaa/500-dark/21.png
23,San José State,Spartans,SJSU,San Jose St.,SJSU,San Jose State,Mountain West,West,#005893,#fdba31,http://a.espncdn.com/i/teamlogos/ncaa/500/23.png,http://a.espncdn.com/i/teamlogos/ncaa/500-dark/23.png
2567,SMU,Mustangs,SMU,Southern Methodist,SMU,SMU,American Athletic,West,#E32F38,#ecdcb9,http://a.espncdn.com/i/teamlogos/ncaa/500/2567.png,http://a.espncdn.com/i/teamlogos/ncaa/500-dark/2567.png
6,South Alabama,Jaguars,USA,,USA,South Alabama,Sun Belt,,#003E7E,,http://a.espncdn.com/i/teamlogos/ncaa/500/6.png,http://a.espncdn.com/i/teamlogos/ncaa/500-dark/6.png
2579,South Carolina,Gamecocks,SC,,SC,South Carolina,SEC,East,#670010,#000000,http://a.espncdn.com/i/teamlogos/ncaa/500/2579.png,http://a.espncdn.com/i/teamlogos/ncaa/500-dark/2579.png
2572,Southern Mississippi,Golden Eagles,USM,,USM,Southern Miss,Conference USA,West,#FFAA3C,#ffc423,http://a.espncdn.com/i/teamlogos/ncaa/500/2572.png,http://a.espncdn.com/i/teamlogos/ncaa/500-dark/2572.png
58,South Florida,Bulls,USF,,USF,USF,American Athletic,East,#004A36,#231f20,http://a.espncdn.com/i/teamlogos/ncaa/500/58.png,http://a.espncdn.com/i/teamlogos/ncaa/500-dark/58.png
24,Stanford,Cardinal,STAN,,STAN,Stanford,Pac-12,North,#A80532,#ffffff,http://a.espncdn.com/i/teamlogos/ncaa/500/24.png,http://a.espncdn.com/i/teamlogos/ncaa/500-dark/24.png
183,Syracuse,Orange,SYR,,SYR,Syracuse,ACC,Atlantic,#F37321,#0d1d37,http://a.espncdn.com/i/teamlogos/ncaa/500/183.png,http://a.espncdn.com/i/teamlogos/ncaa/500-dark/183.png
2628,TCU,Horned Frogs,TCU,Texas Christian,TCU,TCU,Big 12,,#3C377D,#f1f2f3,http://a.espncdn.com/i/teamlogos/ncaa/500/2628.png,http://a.espncdn.com/i/teamlogos/ncaa/500-dark/2628.png
218,Temple,Owls,TEM,,TEM,Temple,American Athletic,East,#A80532,#a7a9ac,http://a.espncdn.com/i/teamlogos/ncaa/500/218.png,http://a.espncdn.com/i/teamlogos/ncaa/500-dark/218.png
2633,Tennessee,Volunteers,TENN,,TENN,Tennessee,SEC,East,#EE9627,#ffffff,http://a.espncdn.com/i/teamlogos/ncaa/500/2633.png,http://a.espncdn.com/i/teamlogos/ncaa/500-dark/2633.png
251,Texas,Longhorns,TEX,,TEX,Texas,Big 12,,#EE7524,#f0f0f0,http://a.espncdn.com/i/teamlogos/ncaa/500/251.png,http://a.espncdn.com/i/teamlogos/ncaa/500-dark/251.png
245,Texas A&M,Aggies,TA&M,,TA&M,Texas A&M,SEC,West,#5C0025,#ffffff,http://a.espncdn.com/i/teamlogos/ncaa/500/245.png,http://a.espncdn.com/i/teamlogos/ncaa/500-dark/245.png
326,Texas State,Bobcats,TXST,,TXST,Texas State,Sun Belt,,#4e1719,#b4975a,http://a.espncdn.com/i/teamlogos/ncaa/500/326.png,http://a.espncdn.com/i/teamlogos/ncaa/500-dark/326.png
2641,Texas Tech,Red Raiders,TTU,,TTU,Texas Tech,Big 12,,#C80025,#231f20,http://a.espncdn.com/i/teamlogos/ncaa/500/2641.png,http://a.espncdn.com/i/teamlogos/ncaa/500-dark/2641.png
2649,Toledo,Rockets,TOL,,TOL,Toledo,Mid-American,West,#00488F,#ffd51d,http://a.espncdn.com/i/teamlogos/ncaa/500/2649.png,http://a.espncdn.com/i/teamlogos/ncaa/500-dark/2649.png
2653,Troy,Trojans,TROY,,TROY,Troy,Sun Belt,,#AE0210,#88898c,http://a.espncdn.com/i/teamlogos/ncaa/500/2653.png,http://a.espncdn.com/i/teamlogos/ncaa/500-dark/2653.png
2655,Tulane,Green Wave,TULN,,TULN,Tulane,American Athletic,West,#005837,#3baf29,http://a.espncdn.com/i/teamlogos/ncaa/500/2655.png,http://a.espncdn.com/i/teamlogos/ncaa/500-dark/2655.png
202,Tulsa,Golden Hurricane,TLSA,,TLSA,Tulsa,American Athletic,West,#004371,#ee3b33,http://a.espncdn.com/i/teamlogos/ncaa/500/202.png,http://a.espncdn.com/i/teamlogos/ncaa/500-dark/202.png
5,UAB,Blazers,UAB,Alabama-Birmingham,UAB,UAB,Conference USA,West,#003b28,#ffc845,http://a.espncdn.com/i/teamlogos/ncaa/500/5.png,http://a.espncdn.com/i/teamlogos/ncaa/500-dark/5.png
2116,UCF,Knights,UCF,Central Florida,UCF,UCF,American Athletic,East,#000000,#231f20,http://a.espncdn.com/i/teamlogos/ncaa/500/2116.png,http://a.espncdn.com/i/teamlogos/ncaa/500-dark/2116.png
26,UCLA,Bruins,UCLA,,UCLA,UCLA,Pac-12,South,#005C8E,#ffc72c,http://a.espncdn.com/i/teamlogos/ncaa/500/26.png,http://a.espncdn.com/i/teamlogos/ncaa/500-dark/26.png
113,UMass,Minutemen,UMASS,,UMASS,UMass,FBS Independents,,#880007,,http://a.espncdn.com/i/teamlogos/ncaa/500/113.png,http://a.espncdn.com/i/teamlogos/ncaa/500-dark/113.png
2439,UNLV,Rebels,UNLV,Nevada-Las Vegas,UNLV,UNLV,Mountain West,West,#000000,#c2c4c6,http://a.espncdn.com/i/teamlogos/ncaa/500/2439.png,http://a.espncdn.com/i/teamlogos/ncaa/500-dark/2439.png
30,USC,Trojans,USC,,USC,USC,Pac-12,South,#AE2531,#ffc72c,http://a.espncdn.com/i/teamlogos/ncaa/500/30.png,http://a.espncdn.com/i/teamlogos/ncaa/500-dark/30.png
254,Utah,Utes,UTAH,,UTAH,Utah,Pac-12,South,#890012,#7e8083,http://a.espncdn.com/i/teamlogos/ncaa/500/254.png,http://a.espncdn.com/i/teamlogos/ncaa/500-dark/254.png
328,Utah State,Aggies,USU,,USU,Utah State,Mountain West,Mountain,#003263,#949ca1,http://a.espncdn.com/i/teamlogos/ncaa/500/328.png,http://a.espncdn.com/i/teamlogos/ncaa/500-dark/328.png
2638,UTEP,Miners,UTEP,Texas-El Paso,UTEP,UTEP,Conference USA,West,#002843,#ff6f12,http://a.espncdn.com/i/teamlogos/ncaa/500/2638.png,http://a.espncdn.com/i/teamlogos/ncaa/500-dark/2638.png
2636,UT San Antonio,Roadrunners,UTSA,Texas-San Antonio,UTSA,UTSA,Conference USA,West,#002A5C,#f47321,http://a.espncdn.com/i/teamlogos/ncaa/500/2636.png,http://a.espncdn.com/i/teamlogos/ncaa/500-dark/2636.png
238,Vanderbilt,Commodores,VAN,,VAN,Vanderbilt,SEC,East,#000000,#231f20,http://a.espncdn.com/i/teamlogos/ncaa/500/238.png,http://a.espncdn.com/i/teamlogos/ncaa/500-dark/238.png
258,Virginia,Cavaliers,UVA,,UVA,UVA,ACC,Coastal,#00204e,#002d62,http://a.espncdn.com/i/teamlogos/ncaa/500/258.png,http://a.espncdn.com/i/teamlogos/ncaa/500-dark/258.png
259,Virginia Tech,Hokies,VT,,VT,VT,ACC,Coastal,#74232D,#c2c1ba,http://a.espncdn.com/i/teamlogos/ncaa/500/259.png,http://a.espncdn.com/i/teamlogos/ncaa/500-dark/259.png
154,Wake Forest,Demon Deacons,WAKE,,WAKE,Wake Forest,ACC,Atlantic,#9E7E38,#000000,http://a.espncdn.com/i/teamlogos/ncaa/500/154.png,http://a.espncdn.com/i/teamlogos/ncaa/500-dark/154.png
264,Washington,Huskies,WASH,,WASH,Washington,Pac-12,North,#2B2F64,#e8e3d3,http://a.espncdn.com/i/teamlogos/ncaa/500/264.png,http://a.espncdn.com/i/teamlogos/ncaa/500-dark/264.png
265,Washington State,Cougars,WSU,,WSU,Washington St,Pac-12,North,#94022a,#6a747c,http://a.espncdn.com/i/teamlogos/ncaa/500/265.png,http://a.espncdn.com/i/teamlogos/ncaa/500-dark/265.png
98,Western Kentucky,Hilltoppers,WKU,,WKU,W Kentucky,Conference USA,East,#F32026,#b3b5b8,http://a.espncdn.com/i/teamlogos/ncaa/500/98.png,http://a.espncdn.com/i/teamlogos/ncaa/500-dark/98.png
2711,Western Michigan,Broncos,WMU,,WMU,W Michigan,Mid-American,West,#B59966,#bfa979,http://a.espncdn.com/i/teamlogos/ncaa/500/2711.png,http://a.espncdn.com/i/teamlogos/ncaa/500-dark/2711.png
277,West Virginia,Mountaineers,WVU,,WVU,West Virginia,Big 12,,#FFC600,#eaaa00,http://a.espncdn.com/i/teamlogos/ncaa/500/277.png,http://a.espncdn.com/i/teamlogos/ncaa/500-dark/277.png
275,Wisconsin,Badgers,WIS,,WIS,Wisconsin,Big Ten,West,#A00001,#f7f7f7,http://a.espncdn.com/i/teamlogos/ncaa/500/275.png,http://a.espncdn.com/i/teamlogos/ncaa/500-dark/275.png
2751,Wyoming,Cowboys,WYO,,WYO,Wyoming,Mountain West,Mountain,#533B22,#ffffff,http://a.espncdn.com/i/teamlogos/ncaa/500/2751.png,http://a.espncdn.com/i/teamlogos/ncaa/500-dark/2751.png